p (Variables),Noise Type,Variance Type,SHD
6,Uniform,Fixed,5
6,Uniform,Fixed,11
6,Uniform,Fixed,4
6,Uniform,Fixed,7
6,Uniform,Fixed,11
6,Uniform,Fixed,3
6,Uniform,Fixed,9
6,Uniform,Fixed,6
6,Uniform,Fixed,10
6,Uniform,Fixed,7
6,Uniform,Fixed,8
6,Uniform,Fixed,13
6,Uniform,Fixed,11
6,Uniform,Fixed,5
6,Uniform,Fixed,13
6,Uniform,Fixed,9
6,Uniform,Fixed,11
6,Uniform,Fixed,11
6,Uniform,Fixed,8
6,Uniform,Fixed,7
6,Uniform,Fixed,8
6,Uniform,Fixed,6
6,Uniform,Fixed,10
6,Uniform,Fixed,8
6,Uniform,Fixed,8
6,Uniform,Fixed,7
6,Uniform,Fixed,11
6,Uniform,Fixed,14
6,Uniform,Fixed,16
6,Uniform,Fixed,10
6,Uniform,Fixed,13
6,Uniform,Fixed,7
6,Uniform,Fixed,6
6,Uniform,Fixed,6
6,Uniform,Fixed,5
6,Uniform,Fixed,7
6,Uniform,Fixed,12
6,Uniform,Fixed,3
6,Uniform,Fixed,8
6,Uniform,Fixed,5
6,Uniform,Fixed,9
6,Uniform,Fixed,6
6,Uniform,Fixed,7
6,Uniform,Fixed,6
6,Uniform,Fixed,10
6,Uniform,Fixed,8
6,Uniform,Fixed,7
6,Uniform,Fixed,9
6,Uniform,Fixed,11
6,Uniform,Fixed,6
6,Uniform,Fixed,12
6,Uniform,Fixed,10
6,Uniform,Fixed,6
6,Uniform,Fixed,8
6,Uniform,Fixed,10
6,Uniform,Fixed,9
6,Uniform,Fixed,6
6,Uniform,Fixed,12
6,Uniform,Fixed,9
6,Uniform,Fixed,8
6,Uniform,Fixed,7
6,Uniform,Fixed,4
6,Uniform,Fixed,14
6,Uniform,Fixed,9
6,Uniform,Fixed,11
6,Uniform,Fixed,8
6,Uniform,Fixed,9
6,Uniform,Fixed,7
6,Uniform,Fixed,9
6,Uniform,Fixed,8
6,Uniform,Fixed,6
6,Uniform,Fixed,10
6,Uniform,Fixed,6
6,Uniform,Fixed,12
6,Uniform,Fixed,11
6,Uniform,Fixed,7
6,Uniform,Fixed,8
6,Uniform,Fixed,7
6,Uniform,Fixed,11
6,Uniform,Fixed,8
6,Uniform,Fixed,13
6,Uniform,Fixed,7
6,Uniform,Fixed,10
6,Uniform,Fixed,9
6,Uniform,Fixed,10
6,Uniform,Fixed,3
6,Uniform,Fixed,4
6,Uniform,Fixed,8
6,Uniform,Fixed,6
6,Uniform,Fixed,5
6,Uniform,Fixed,8
6,Uniform,Fixed,6
6,Uniform,Fixed,10
6,Uniform,Fixed,11
6,Uniform,Fixed,11
6,Uniform,Fixed,12
6,Uniform,Fixed,8
6,Uniform,Fixed,8
6,Uniform,Fixed,11
6,Uniform,Fixed,8
6,Gaussian,Fixed,9
6,Gaussian,Fixed,13
6,Gaussian,Fixed,8
6,Gaussian,Fixed,9
6,Gaussian,Fixed,11
6,Gaussian,Fixed,7
6,Gaussian,Fixed,9
6,Gaussian,Fixed,14
6,Gaussian,Fixed,6
6,Gaussian,Fixed,7
6,Gaussian,Fixed,10
6,Gaussian,Fixed,13
6,Gaussian,Fixed,11
6,Gaussian,Fixed,9
6,Gaussian,Fixed,10
6,Gaussian,Fixed,15
6,Gaussian,Fixed,10
6,Gaussian,Fixed,9
6,Gaussian,Fixed,10
6,Gaussian,Fixed,7
6,Gaussian,Fixed,8
6,Gaussian,Fixed,12
6,Gaussian,Fixed,12
6,Gaussian,Fixed,8
6,Gaussian,Fixed,12
6,Gaussian,Fixed,11
6,Gaussian,Fixed,11
6,Gaussian,Fixed,7
6,Gaussian,Fixed,11
6,Gaussian,Fixed,10
6,Gaussian,Fixed,11
6,Gaussian,Fixed,9
6,Gaussian,Fixed,8
6,Gaussian,Fixed,10
6,Gaussian,Fixed,5
6,Gaussian,Fixed,11
6,Gaussian,Fixed,10
6,Gaussian,Fixed,7
6,Gaussian,Fixed,10
6,Gaussian,Fixed,7
6,Gaussian,Fixed,7
6,Gaussian,Fixed,6
6,Gaussian,Fixed,7
6,Gaussian,Fixed,12
6,Gaussian,Fixed,6
6,Gaussian,Fixed,10
6,Gaussian,Fixed,7
6,Gaussian,Fixed,13
6,Gaussian,Fixed,13
6,Gaussian,Fixed,10
6,Gaussian,Fixed,12
6,Gaussian,Fixed,10
6,Gaussian,Fixed,8
6,Gaussian,Fixed,14
6,Gaussian,Fixed,12
6,Gaussian,Fixed,9
6,Gaussian,Fixed,10
6,Gaussian,Fixed,16
6,Gaussian,Fixed,9
6,Gaussian,Fixed,12
6,Gaussian,Fixed,7
6,Gaussian,Fixed,6
6,Gaussian,Fixed,13
6,Gaussian,Fixed,13
6,Gaussian,Fixed,13
6,Gaussian,Fixed,14
6,Gaussian,Fixed,9
6,Gaussian,Fixed,9
6,Gaussian,Fixed,7
6,Gaussian,Fixed,12
6,Gaussian,Fixed,12
6,Gaussian,Fixed,6
6,Gaussian,Fixed,10
6,Gaussian,Fixed,10
6,Gaussian,Fixed,9
6,Gaussian,Fixed,11
6,Gaussian,Fixed,14
6,Gaussian,Fixed,9
6,Gaussian,Fixed,13
6,Gaussian,Fixed,6
6,Gaussian,Fixed,11
6,Gaussian,Fixed,9
6,Gaussian,Fixed,8
6,Gaussian,Fixed,9
6,Gaussian,Fixed,10
6,Gaussian,Fixed,5
6,Gaussian,Fixed,8
6,Gaussian,Fixed,8
6,Gaussian,Fixed,10
6,Gaussian,Fixed,11
6,Gaussian,Fixed,10
6,Gaussian,Fixed,6
6,Gaussian,Fixed,12
6,Gaussian,Fixed,9
6,Gaussian,Fixed,11
6,Gaussian,Fixed,14
6,Gaussian,Fixed,6
6,Gaussian,Fixed,10
6,Gaussian,Fixed,11
6,Gaussian,Fixed,6
6,Uniform,Different,9
6,Uniform,Different,5
6,Uniform,Different,7
6,Uniform,Different,13
6,Uniform,Different,9
6,Uniform,Different,12
6,Uniform,Different,10
6,Uniform,Different,8
6,Uniform,Different,10
6,Uniform,Different,7
6,Uniform,Different,9
6,Uniform,Different,5
6,Uniform,Different,9
6,Uniform,Different,5
6,Uniform,Different,12
6,Uniform,Different,6
6,Uniform,Different,7
6,Uniform,Different,9
6,Uniform,Different,10
6,Uniform,Different,9
6,Uniform,Different,9
6,Uniform,Different,13
6,Uniform,Different,7
6,Uniform,Different,7
6,Uniform,Different,12
6,Uniform,Different,7
6,Uniform,Different,12
6,Uniform,Different,9
6,Uniform,Different,8
6,Uniform,Different,10
6,Uniform,Different,4
6,Uniform,Different,13
6,Uniform,Different,6
6,Uniform,Different,10
6,Uniform,Different,6
6,Uniform,Different,4
6,Uniform,Different,8
6,Uniform,Different,8
6,Uniform,Different,7
6,Uniform,Different,5
6,Uniform,Different,15
6,Uniform,Different,8
6,Uniform,Different,5
6,Uniform,Different,6
6,Uniform,Different,14
6,Uniform,Different,13
6,Uniform,Different,7
6,Uniform,Different,9
6,Uniform,Different,13
6,Uniform,Different,12
6,Uniform,Different,7
6,Uniform,Different,7
6,Uniform,Different,8
6,Uniform,Different,8
6,Uniform,Different,13
6,Uniform,Different,8
6,Uniform,Different,9
6,Uniform,Different,9
6,Uniform,Different,10
6,Uniform,Different,12
6,Uniform,Different,6
6,Uniform,Different,6
6,Uniform,Different,9
6,Uniform,Different,6
6,Uniform,Different,8
6,Uniform,Different,8
6,Uniform,Different,8
6,Uniform,Different,4
6,Uniform,Different,14
6,Uniform,Different,14
6,Uniform,Different,16
6,Uniform,Different,8
6,Uniform,Different,4
6,Uniform,Different,6
6,Uniform,Different,10
6,Uniform,Different,7
6,Uniform,Different,5
6,Uniform,Different,9
6,Uniform,Different,6
6,Uniform,Different,4
6,Uniform,Different,9
6,Uniform,Different,9
6,Uniform,Different,9
6,Uniform,Different,14
6,Uniform,Different,8
6,Uniform,Different,10
6,Uniform,Different,6
6,Uniform,Different,9
6,Uniform,Different,10
6,Uniform,Different,8
6,Uniform,Different,9
6,Uniform,Different,9
6,Uniform,Different,5
6,Uniform,Different,10
6,Uniform,Different,10
6,Uniform,Different,10
6,Uniform,Different,10
6,Uniform,Different,10
6,Uniform,Different,7
6,Uniform,Different,7
6,Gaussian,Different,9
6,Gaussian,Different,7
6,Gaussian,Different,13
6,Gaussian,Different,8
6,Gaussian,Different,11
6,Gaussian,Different,12
6,Gaussian,Different,10
6,Gaussian,Different,8
6,Gaussian,Different,12
6,Gaussian,Different,11
6,Gaussian,Different,13
6,Gaussian,Different,12
6,Gaussian,Different,11
6,Gaussian,Different,13
6,Gaussian,Different,16
6,Gaussian,Different,8
6,Gaussian,Different,9
6,Gaussian,Different,11
6,Gaussian,Different,15
6,Gaussian,Different,14
6,Gaussian,Different,15
6,Gaussian,Different,13
6,Gaussian,Different,11
6,Gaussian,Different,11
6,Gaussian,Different,12
6,Gaussian,Different,15
6,Gaussian,Different,12
6,Gaussian,Different,11
6,Gaussian,Different,8
6,Gaussian,Different,12
6,Gaussian,Different,8
6,Gaussian,Different,15
6,Gaussian,Different,8
6,Gaussian,Different,12
6,Gaussian,Different,12
6,Gaussian,Different,12
6,Gaussian,Different,12
6,Gaussian,Different,10
6,Gaussian,Different,11
6,Gaussian,Different,12
6,Gaussian,Different,15
6,Gaussian,Different,12
6,Gaussian,Different,11
6,Gaussian,Different,10
6,Gaussian,Different,10
6,Gaussian,Different,11
6,Gaussian,Different,9
6,Gaussian,Different,11
6,Gaussian,Different,15
6,Gaussian,Different,12
6,Gaussian,Different,9
6,Gaussian,Different,9
6,Gaussian,Different,13
6,Gaussian,Different,12
6,Gaussian,Different,13
6,Gaussian,Different,6
6,Gaussian,Different,11
6,Gaussian,Different,13
6,Gaussian,Different,12
6,Gaussian,Different,11
6,Gaussian,Different,12
6,Gaussian,Different,12
6,Gaussian,Different,11
6,Gaussian,Different,10
6,Gaussian,Different,10
6,Gaussian,Different,10
6,Gaussian,Different,11
6,Gaussian,Different,8
6,Gaussian,Different,10
6,Gaussian,Different,13
6,Gaussian,Different,18
6,Gaussian,Different,10
6,Gaussian,Different,11
6,Gaussian,Different,10
6,Gaussian,Different,10
6,Gaussian,Different,11
6,Gaussian,Different,12
6,Gaussian,Different,9
6,Gaussian,Different,10
6,Gaussian,Different,12
6,Gaussian,Different,11
6,Gaussian,Different,13
6,Gaussian,Different,15
6,Gaussian,Different,12
6,Gaussian,Different,8
6,Gaussian,Different,14
6,Gaussian,Different,12
6,Gaussian,Different,9
6,Gaussian,Different,12
6,Gaussian,Different,9
6,Gaussian,Different,13
6,Gaussian,Different,9
6,Gaussian,Different,9
6,Gaussian,Different,10
6,Gaussian,Different,8
6,Gaussian,Different,12
6,Gaussian,Different,4
6,Gaussian,Different,10
6,Gaussian,Different,9
6,Gaussian,Different,8
3,Uniform,Fixed,2
3,Uniform,Fixed,2
3,Uniform,Fixed,2
3,Uniform,Fixed,2
3,Uniform,Fixed,1
3,Uniform,Fixed,2
3,Uniform,Fixed,1
3,Uniform,Fixed,2
3,Uniform,Fixed,1
3,Uniform,Fixed,1
3,Uniform,Fixed,2
3,Uniform,Fixed,0
3,Uniform,Fixed,1
3,Uniform,Fixed,1
3,Uniform,Fixed,3
3,Uniform,Fixed,3
3,Uniform,Fixed,1
3,Uniform,Fixed,1
3,Uniform,Fixed,2
3,Uniform,Fixed,2
3,Uniform,Fixed,1
3,Uniform,Fixed,1
3,Uniform,Fixed,0
3,Uniform,Fixed,2
3,Uniform,Fixed,1
3,Uniform,Fixed,1
3,Uniform,Fixed,2
3,Uniform,Fixed,1
3,Uniform,Fixed,1
3,Uniform,Fixed,1
3,Uniform,Fixed,1
3,Uniform,Fixed,3
3,Uniform,Fixed,2
3,Uniform,Fixed,1
3,Uniform,Fixed,1
3,Uniform,Fixed,1
3,Uniform,Fixed,2
3,Uniform,Fixed,1
3,Uniform,Fixed,3
3,Uniform,Fixed,1
3,Uniform,Fixed,3
3,Uniform,Fixed,1
3,Uniform,Fixed,3
3,Uniform,Fixed,1
3,Uniform,Fixed,2
3,Uniform,Fixed,1
3,Uniform,Fixed,1
3,Uniform,Fixed,1
3,Uniform,Fixed,1
3,Uniform,Fixed,1
3,Uniform,Fixed,3
3,Uniform,Fixed,2
3,Uniform,Fixed,0
3,Uniform,Fixed,3
3,Uniform,Fixed,0
3,Uniform,Fixed,1
3,Uniform,Fixed,0
3,Uniform,Fixed,1
3,Uniform,Fixed,0
3,Uniform,Fixed,2
3,Uniform,Fixed,1
3,Uniform,Fixed,1
3,Uniform,Fixed,1
3,Uniform,Fixed,1
3,Uniform,Fixed,1
3,Uniform,Fixed,1
3,Uniform,Fixed,1
3,Uniform,Fixed,1
3,Uniform,Fixed,3
3,Uniform,Fixed,3
3,Uniform,Fixed,1
3,Uniform,Fixed,2
3,Uniform,Fixed,1
3,Uniform,Fixed,0
3,Uniform,Fixed,2
3,Uniform,Fixed,1
3,Uniform,Fixed,1
3,Uniform,Fixed,1
3,Uniform,Fixed,1
3,Uniform,Fixed,2
3,Uniform,Fixed,1
3,Uniform,Fixed,2
3,Uniform,Fixed,2
3,Uniform,Fixed,3
3,Uniform,Fixed,2
3,Uniform,Fixed,1
3,Uniform,Fixed,1
3,Uniform,Fixed,1
3,Uniform,Fixed,2
3,Uniform,Fixed,1
3,Uniform,Fixed,3
3,Uniform,Fixed,1
3,Uniform,Fixed,3
3,Uniform,Fixed,2
3,Uniform,Fixed,1
3,Uniform,Fixed,0
3,Uniform,Fixed,2
3,Uniform,Fixed,0
3,Uniform,Fixed,2
3,Uniform,Fixed,3
3,Gaussian,Fixed,2
3,Gaussian,Fixed,2
3,Gaussian,Fixed,2
3,Gaussian,Fixed,2
3,Gaussian,Fixed,3
3,Gaussian,Fixed,2
3,Gaussian,Fixed,1
3,Gaussian,Fixed,2
3,Gaussian,Fixed,3
3,Gaussian,Fixed,1
3,Gaussian,Fixed,2
3,Gaussian,Fixed,0
3,Gaussian,Fixed,1
3,Gaussian,Fixed,3
3,Gaussian,Fixed,1
3,Gaussian,Fixed,3
3,Gaussian,Fixed,1
3,Gaussian,Fixed,3
3,Gaussian,Fixed,2
3,Gaussian,Fixed,2
3,Gaussian,Fixed,1
3,Gaussian,Fixed,3
3,Gaussian,Fixed,4
3,Gaussian,Fixed,2
3,Gaussian,Fixed,4
3,Gaussian,Fixed,3
3,Gaussian,Fixed,2
3,Gaussian,Fixed,1
3,Gaussian,Fixed,3
3,Gaussian,Fixed,3
3,Gaussian,Fixed,1
3,Gaussian,Fixed,3
3,Gaussian,Fixed,2
3,Gaussian,Fixed,1
3,Gaussian,Fixed,1
3,Gaussian,Fixed,1
3,Gaussian,Fixed,2
3,Gaussian,Fixed,1
3,Gaussian,Fixed,3
3,Gaussian,Fixed,3
3,Gaussian,Fixed,1
3,Gaussian,Fixed,3
3,Gaussian,Fixed,1
3,Gaussian,Fixed,1
3,Gaussian,Fixed,2
3,Gaussian,Fixed,1
3,Gaussian,Fixed,1
3,Gaussian,Fixed,3
3,Gaussian,Fixed,1
3,Gaussian,Fixed,1
3,Gaussian,Fixed,1
3,Gaussian,Fixed,2
3,Gaussian,Fixed,4
3,Gaussian,Fixed,1
3,Gaussian,Fixed,0
3,Gaussian,Fixed,3
3,Gaussian,Fixed,0
3,Gaussian,Fixed,1
3,Gaussian,Fixed,0
3,Gaussian,Fixed,2
3,Gaussian,Fixed,1
3,Gaussian,Fixed,1
3,Gaussian,Fixed,1
3,Gaussian,Fixed,1
3,Gaussian,Fixed,1
3,Gaussian,Fixed,3
3,Gaussian,Fixed,2
3,Gaussian,Fixed,3
3,Gaussian,Fixed,3
3,Gaussian,Fixed,1
3,Gaussian,Fixed,1
3,Gaussian,Fixed,2
3,Gaussian,Fixed,1
3,Gaussian,Fixed,0
3,Gaussian,Fixed,2
3,Gaussian,Fixed,1
3,Gaussian,Fixed,1
3,Gaussian,Fixed,1
3,Gaussian,Fixed,1
3,Gaussian,Fixed,2
3,Gaussian,Fixed,1
3,Gaussian,Fixed,2
3,Gaussian,Fixed,2
3,Gaussian,Fixed,1
3,Gaussian,Fixed,2
3,Gaussian,Fixed,1
3,Gaussian,Fixed,3
3,Gaussian,Fixed,1
3,Gaussian,Fixed,2
3,Gaussian,Fixed,1
3,Gaussian,Fixed,1
3,Gaussian,Fixed,1
3,Gaussian,Fixed,3
3,Gaussian,Fixed,2
3,Gaussian,Fixed,3
3,Gaussian,Fixed,0
3,Gaussian,Fixed,2
3,Gaussian,Fixed,4
3,Gaussian,Fixed,2
3,Gaussian,Fixed,3
3,Uniform,Different,1
3,Uniform,Different,2
3,Uniform,Different,2
3,Uniform,Different,1
3,Uniform,Different,0
3,Uniform,Different,1
3,Uniform,Different,1
3,Uniform,Different,0
3,Uniform,Different,2
3,Uniform,Different,1
3,Uniform,Different,3
3,Uniform,Different,1
3,Uniform,Different,1
3,Uniform,Different,1
3,Uniform,Different,3
3,Uniform,Different,2
3,Uniform,Different,1
3,Uniform,Different,2
3,Uniform,Different,0
3,Uniform,Different,2
3,Uniform,Different,2
3,Uniform,Different,1
3,Uniform,Different,0
3,Uniform,Different,1
3,Uniform,Different,1
3,Uniform,Different,1
3,Uniform,Different,1
3,Uniform,Different,1
3,Uniform,Different,2
3,Uniform,Different,2
3,Uniform,Different,1
3,Uniform,Different,2
3,Uniform,Different,0
3,Uniform,Different,0
3,Uniform,Different,3
3,Uniform,Different,2
3,Uniform,Different,2
3,Uniform,Different,0
3,Uniform,Different,3
3,Uniform,Different,3
3,Uniform,Different,2
3,Uniform,Different,1
3,Uniform,Different,2
3,Uniform,Different,0
3,Uniform,Different,2
3,Uniform,Different,1
3,Uniform,Different,1
3,Uniform,Different,3
3,Uniform,Different,0
3,Uniform,Different,1
3,Uniform,Different,2
3,Uniform,Different,0
3,Uniform,Different,3
3,Uniform,Different,1
3,Uniform,Different,0
3,Uniform,Different,1
3,Uniform,Different,2
3,Uniform,Different,2
3,Uniform,Different,3
3,Uniform,Different,2
3,Uniform,Different,2
3,Uniform,Different,2
3,Uniform,Different,2
3,Uniform,Different,0
3,Uniform,Different,1
3,Uniform,Different,1
3,Uniform,Different,2
3,Uniform,Different,2
3,Uniform,Different,1
3,Uniform,Different,2
3,Uniform,Different,2
3,Uniform,Different,2
3,Uniform,Different,0
3,Uniform,Different,2
3,Uniform,Different,2
3,Uniform,Different,0
3,Uniform,Different,0
3,Uniform,Different,2
3,Uniform,Different,1
3,Uniform,Different,2
3,Uniform,Different,2
3,Uniform,Different,2
3,Uniform,Different,1
3,Uniform,Different,2
3,Uniform,Different,2
3,Uniform,Different,2
3,Uniform,Different,3
3,Uniform,Different,0
3,Uniform,Different,2
3,Uniform,Different,2
3,Uniform,Different,2
3,Uniform,Different,2
3,Uniform,Different,2
3,Uniform,Different,0
3,Uniform,Different,1
3,Uniform,Different,1
3,Uniform,Different,0
3,Uniform,Different,3
3,Uniform,Different,1
3,Uniform,Different,0
3,Gaussian,Different,3
3,Gaussian,Different,2
3,Gaussian,Different,4
3,Gaussian,Different,3
3,Gaussian,Different,2
3,Gaussian,Different,3
3,Gaussian,Different,5
3,Gaussian,Different,4
3,Gaussian,Different,2
3,Gaussian,Different,3
3,Gaussian,Different,1
3,Gaussian,Different,3
3,Gaussian,Different,5
3,Gaussian,Different,3
3,Gaussian,Different,1
3,Gaussian,Different,4
3,Gaussian,Different,3
3,Gaussian,Different,2
3,Gaussian,Different,4
3,Gaussian,Different,4
3,Gaussian,Different,2
3,Gaussian,Different,1
3,Gaussian,Different,4
3,Gaussian,Different,3
3,Gaussian,Different,1
3,Gaussian,Different,5
3,Gaussian,Different,1
3,Gaussian,Different,3
3,Gaussian,Different,2
3,Gaussian,Different,4
3,Gaussian,Different,3
3,Gaussian,Different,2
3,Gaussian,Different,4
3,Gaussian,Different,4
3,Gaussian,Different,3
3,Gaussian,Different,2
3,Gaussian,Different,2
3,Gaussian,Different,4
3,Gaussian,Different,3
3,Gaussian,Different,3
3,Gaussian,Different,4
3,Gaussian,Different,1
3,Gaussian,Different,2
3,Gaussian,Different,2
3,Gaussian,Different,4
3,Gaussian,Different,3
3,Gaussian,Different,1
3,Gaussian,Different,1
3,Gaussian,Different,0
3,Gaussian,Different,3
3,Gaussian,Different,4
3,Gaussian,Different,4
3,Gaussian,Different,5
3,Gaussian,Different,3
3,Gaussian,Different,2
3,Gaussian,Different,1
3,Gaussian,Different,4
3,Gaussian,Different,0
3,Gaussian,Different,3
3,Gaussian,Different,2
3,Gaussian,Different,2
3,Gaussian,Different,2
3,Gaussian,Different,2
3,Gaussian,Different,0
3,Gaussian,Different,1
3,Gaussian,Different,3
3,Gaussian,Different,2
3,Gaussian,Different,4
3,Gaussian,Different,1
3,Gaussian,Different,2
3,Gaussian,Different,2
3,Gaussian,Different,2
3,Gaussian,Different,4
3,Gaussian,Different,2
3,Gaussian,Different,2
3,Gaussian,Different,4
3,Gaussian,Different,0
3,Gaussian,Different,2
3,Gaussian,Different,5
3,Gaussian,Different,4
3,Gaussian,Different,4
3,Gaussian,Different,4
3,Gaussian,Different,1
3,Gaussian,Different,2
3,Gaussian,Different,2
3,Gaussian,Different,2
3,Gaussian,Different,3
3,Gaussian,Different,2
3,Gaussian,Different,2
3,Gaussian,Different,2
3,Gaussian,Different,2
3,Gaussian,Different,2
3,Gaussian,Different,2
3,Gaussian,Different,2
3,Gaussian,Different,1
3,Gaussian,Different,1
3,Gaussian,Different,4
3,Gaussian,Different,1
3,Gaussian,Different,1
3,Gaussian,Different,4
4,Uniform,Fixed,1
4,Uniform,Fixed,2
4,Uniform,Fixed,6
4,Uniform,Fixed,4
4,Uniform,Fixed,5
4,Uniform,Fixed,2
4,Uniform,Fixed,4
4,Uniform,Fixed,3
4,Uniform,Fixed,4
4,Uniform,Fixed,3
4,Uniform,Fixed,5
4,Uniform,Fixed,3
4,Uniform,Fixed,1
4,Uniform,Fixed,3
4,Uniform,Fixed,3
4,Uniform,Fixed,2
4,Uniform,Fixed,5
4,Uniform,Fixed,1
4,Uniform,Fixed,3
4,Uniform,Fixed,5
4,Uniform,Fixed,5
4,Uniform,Fixed,3
4,Uniform,Fixed,3
4,Uniform,Fixed,2
4,Uniform,Fixed,4
4,Uniform,Fixed,5
4,Uniform,Fixed,2
4,Uniform,Fixed,2
4,Uniform,Fixed,4
4,Uniform,Fixed,3
4,Uniform,Fixed,3
4,Uniform,Fixed,4
4,Uniform,Fixed,2
4,Uniform,Fixed,5
4,Uniform,Fixed,3
4,Uniform,Fixed,3
4,Uniform,Fixed,3
4,Uniform,Fixed,4
4,Uniform,Fixed,2
4,Uniform,Fixed,1
4,Uniform,Fixed,3
4,Uniform,Fixed,5
4,Uniform,Fixed,3
4,Uniform,Fixed,5
4,Uniform,Fixed,3
4,Uniform,Fixed,2
4,Uniform,Fixed,1
4,Uniform,Fixed,4
4,Uniform,Fixed,4
4,Uniform,Fixed,4
4,Uniform,Fixed,1
4,Uniform,Fixed,5
4,Uniform,Fixed,3
4,Uniform,Fixed,3
4,Uniform,Fixed,4
4,Uniform,Fixed,4
4,Uniform,Fixed,1
4,Uniform,Fixed,1
4,Uniform,Fixed,5
4,Uniform,Fixed,2
4,Uniform,Fixed,2
4,Uniform,Fixed,5
4,Uniform,Fixed,1
4,Uniform,Fixed,3
4,Uniform,Fixed,2
4,Uniform,Fixed,4
4,Uniform,Fixed,5
4,Uniform,Fixed,3
4,Uniform,Fixed,4
4,Uniform,Fixed,5
4,Uniform,Fixed,2
4,Uniform,Fixed,1
4,Uniform,Fixed,4
4,Uniform,Fixed,5
4,Uniform,Fixed,2
4,Uniform,Fixed,4
4,Uniform,Fixed,3
4,Uniform,Fixed,4
4,Uniform,Fixed,2
4,Uniform,Fixed,4
4,Uniform,Fixed,4
4,Uniform,Fixed,3
4,Uniform,Fixed,2
4,Uniform,Fixed,3
4,Uniform,Fixed,4
4,Uniform,Fixed,2
4,Uniform,Fixed,2
4,Uniform,Fixed,2
4,Uniform,Fixed,3
4,Uniform,Fixed,3
4,Uniform,Fixed,4
4,Uniform,Fixed,2
4,Uniform,Fixed,3
4,Uniform,Fixed,4
4,Uniform,Fixed,4
4,Uniform,Fixed,3
4,Uniform,Fixed,1
4,Uniform,Fixed,4
4,Uniform,Fixed,4
4,Uniform,Fixed,2
4,Gaussian,Fixed,5
4,Gaussian,Fixed,4
4,Gaussian,Fixed,4
4,Gaussian,Fixed,4
4,Gaussian,Fixed,5
4,Gaussian,Fixed,2
4,Gaussian,Fixed,6
4,Gaussian,Fixed,3
4,Gaussian,Fixed,4
4,Gaussian,Fixed,3
4,Gaussian,Fixed,5
4,Gaussian,Fixed,3
4,Gaussian,Fixed,4
4,Gaussian,Fixed,3
4,Gaussian,Fixed,3
4,Gaussian,Fixed,6
4,Gaussian,Fixed,5
4,Gaussian,Fixed,5
4,Gaussian,Fixed,5
4,Gaussian,Fixed,5
4,Gaussian,Fixed,3
4,Gaussian,Fixed,5
4,Gaussian,Fixed,5
4,Gaussian,Fixed,2
4,Gaussian,Fixed,4
4,Gaussian,Fixed,5
4,Gaussian,Fixed,4
4,Gaussian,Fixed,4
4,Gaussian,Fixed,4
4,Gaussian,Fixed,3
4,Gaussian,Fixed,3
4,Gaussian,Fixed,4
4,Gaussian,Fixed,2
4,Gaussian,Fixed,5
4,Gaussian,Fixed,5
4,Gaussian,Fixed,5
4,Gaussian,Fixed,3
4,Gaussian,Fixed,4
4,Gaussian,Fixed,4
4,Gaussian,Fixed,7
4,Gaussian,Fixed,5
4,Gaussian,Fixed,3
4,Gaussian,Fixed,7
4,Gaussian,Fixed,5
4,Gaussian,Fixed,3
4,Gaussian,Fixed,4
4,Gaussian,Fixed,7
4,Gaussian,Fixed,4
4,Gaussian,Fixed,4
4,Gaussian,Fixed,4
4,Gaussian,Fixed,3
4,Gaussian,Fixed,5
4,Gaussian,Fixed,5
4,Gaussian,Fixed,5
4,Gaussian,Fixed,4
4,Gaussian,Fixed,4
4,Gaussian,Fixed,5
4,Gaussian,Fixed,5
4,Gaussian,Fixed,3
4,Gaussian,Fixed,4
4,Gaussian,Fixed,4
4,Gaussian,Fixed,5
4,Gaussian,Fixed,5
4,Gaussian,Fixed,3
4,Gaussian,Fixed,2
4,Gaussian,Fixed,4
4,Gaussian,Fixed,5
4,Gaussian,Fixed,5
4,Gaussian,Fixed,4
4,Gaussian,Fixed,5
4,Gaussian,Fixed,4
4,Gaussian,Fixed,1
4,Gaussian,Fixed,6
4,Gaussian,Fixed,6
4,Gaussian,Fixed,4
4,Gaussian,Fixed,4
4,Gaussian,Fixed,5
4,Gaussian,Fixed,4
4,Gaussian,Fixed,4
4,Gaussian,Fixed,4
4,Gaussian,Fixed,4
4,Gaussian,Fixed,3
4,Gaussian,Fixed,2
4,Gaussian,Fixed,3
4,Gaussian,Fixed,4
4,Gaussian,Fixed,2
4,Gaussian,Fixed,4
4,Gaussian,Fixed,2
4,Gaussian,Fixed,3
4,Gaussian,Fixed,5
4,Gaussian,Fixed,4
4,Gaussian,Fixed,4
4,Gaussian,Fixed,3
4,Gaussian,Fixed,4
4,Gaussian,Fixed,4
4,Gaussian,Fixed,3
4,Gaussian,Fixed,3
4,Gaussian,Fixed,4
4,Gaussian,Fixed,4
4,Gaussian,Fixed,2
4,Uniform,Different,4
4,Uniform,Different,6
4,Uniform,Different,4
4,Uniform,Different,3
4,Uniform,Different,3
4,Uniform,Different,2
4,Uniform,Different,3
4,Uniform,Different,3
4,Uniform,Different,1
4,Uniform,Different,2
4,Uniform,Different,3
4,Uniform,Different,4
4,Uniform,Different,0
4,Uniform,Different,3
4,Uniform,Different,2
4,Uniform,Different,3
4,Uniform,Different,1
4,Uniform,Different,7
4,Uniform,Different,4
4,Uniform,Different,2
4,Uniform,Different,1
4,Uniform,Different,3
4,Uniform,Different,4
4,Uniform,Different,4
4,Uniform,Different,2
4,Uniform,Different,4
4,Uniform,Different,2
4,Uniform,Different,1
4,Uniform,Different,1
4,Uniform,Different,2
4,Uniform,Different,1
4,Uniform,Different,2
4,Uniform,Different,2
4,Uniform,Different,4
4,Uniform,Different,4
4,Uniform,Different,3
4,Uniform,Different,2
4,Uniform,Different,4
4,Uniform,Different,5
4,Uniform,Different,1
4,Uniform,Different,3
4,Uniform,Different,1
4,Uniform,Different,2
4,Uniform,Different,1
4,Uniform,Different,4
4,Uniform,Different,2
4,Uniform,Different,3
4,Uniform,Different,5
4,Uniform,Different,2
4,Uniform,Different,4
4,Uniform,Different,1
4,Uniform,Different,3
4,Uniform,Different,2
4,Uniform,Different,4
4,Uniform,Different,5
4,Uniform,Different,4
4,Uniform,Different,5
4,Uniform,Different,0
4,Uniform,Different,1
4,Uniform,Different,2
4,Uniform,Different,4
4,Uniform,Different,2
4,Uniform,Different,2
4,Uniform,Different,1
4,Uniform,Different,2
4,Uniform,Different,4
4,Uniform,Different,3
4,Uniform,Different,5
4,Uniform,Different,1
4,Uniform,Different,3
4,Uniform,Different,3
4,Uniform,Different,2
4,Uniform,Different,3
4,Uniform,Different,4
4,Uniform,Different,2
4,Uniform,Different,2
4,Uniform,Different,4
4,Uniform,Different,3
4,Uniform,Different,0
4,Uniform,Different,4
4,Uniform,Different,2
4,Uniform,Different,2
4,Uniform,Different,2
4,Uniform,Different,2
4,Uniform,Different,4
4,Uniform,Different,4
4,Uniform,Different,4
4,Uniform,Different,4
4,Uniform,Different,2
4,Uniform,Different,2
4,Uniform,Different,2
4,Uniform,Different,3
4,Uniform,Different,1
4,Uniform,Different,4
4,Uniform,Different,2
4,Uniform,Different,2
4,Uniform,Different,2
4,Uniform,Different,1
4,Uniform,Different,3
4,Uniform,Different,5
4,Gaussian,Different,4
4,Gaussian,Different,8
4,Gaussian,Different,6
4,Gaussian,Different,5
4,Gaussian,Different,5
4,Gaussian,Different,4
4,Gaussian,Different,7
4,Gaussian,Different,5
4,Gaussian,Different,5
4,Gaussian,Different,6
4,Gaussian,Different,3
4,Gaussian,Different,4
4,Gaussian,Different,4
4,Gaussian,Different,8
4,Gaussian,Different,7
4,Gaussian,Different,7
4,Gaussian,Different,3
4,Gaussian,Different,5
4,Gaussian,Different,4
4,Gaussian,Different,4
4,Gaussian,Different,5
4,Gaussian,Different,5
4,Gaussian,Different,4
4,Gaussian,Different,4
4,Gaussian,Different,4
4,Gaussian,Different,6
4,Gaussian,Different,6
4,Gaussian,Different,3
4,Gaussian,Different,7
4,Gaussian,Different,6
4,Gaussian,Different,5
4,Gaussian,Different,6
4,Gaussian,Different,7
4,Gaussian,Different,6
4,Gaussian,Different,4
4,Gaussian,Different,7
4,Gaussian,Different,2
4,Gaussian,Different,4
4,Gaussian,Different,5
4,Gaussian,Different,1
4,Gaussian,Different,5
4,Gaussian,Different,1
4,Gaussian,Different,4
4,Gaussian,Different,5
4,Gaussian,Different,7
4,Gaussian,Different,6
4,Gaussian,Different,3
4,Gaussian,Different,5
4,Gaussian,Different,8
4,Gaussian,Different,4
4,Gaussian,Different,7
4,Gaussian,Different,3
4,Gaussian,Different,6
4,Gaussian,Different,4
4,Gaussian,Different,3
4,Gaussian,Different,4
4,Gaussian,Different,5
4,Gaussian,Different,6
4,Gaussian,Different,3
4,Gaussian,Different,4
4,Gaussian,Different,6
4,Gaussian,Different,6
4,Gaussian,Different,4
4,Gaussian,Different,5
4,Gaussian,Different,4
4,Gaussian,Different,2
4,Gaussian,Different,7
4,Gaussian,Different,5
4,Gaussian,Different,5
4,Gaussian,Different,3
4,Gaussian,Different,5
4,Gaussian,Different,6
4,Gaussian,Different,5
4,Gaussian,Different,6
4,Gaussian,Different,2
4,Gaussian,Different,6
4,Gaussian,Different,4
4,Gaussian,Different,7
4,Gaussian,Different,6
4,Gaussian,Different,6
4,Gaussian,Different,6
4,Gaussian,Different,4
4,Gaussian,Different,4
4,Gaussian,Different,5
4,Gaussian,Different,6
4,Gaussian,Different,4
4,Gaussian,Different,4
4,Gaussian,Different,6
4,Gaussian,Different,4
4,Gaussian,Different,2
4,Gaussian,Different,4
4,Gaussian,Different,5
4,Gaussian,Different,3
4,Gaussian,Different,4
4,Gaussian,Different,6
4,Gaussian,Different,4
4,Gaussian,Different,6
4,Gaussian,Different,5
4,Gaussian,Different,3
4,Gaussian,Different,5
5,Uniform,Fixed,7
5,Uniform,Fixed,7
5,Uniform,Fixed,5
5,Uniform,Fixed,3
5,Uniform,Fixed,4
5,Uniform,Fixed,6
5,Uniform,Fixed,5
5,Uniform,Fixed,6
5,Uniform,Fixed,3
5,Uniform,Fixed,9
5,Uniform,Fixed,5
5,Uniform,Fixed,6
5,Uniform,Fixed,7
5,Uniform,Fixed,4
5,Uniform,Fixed,7
5,Uniform,Fixed,6
5,Uniform,Fixed,5
5,Uniform,Fixed,4
5,Uniform,Fixed,7
5,Uniform,Fixed,4
5,Uniform,Fixed,5
5,Uniform,Fixed,7
5,Uniform,Fixed,8
5,Uniform,Fixed,7
5,Uniform,Fixed,6
5,Uniform,Fixed,4
5,Uniform,Fixed,6
5,Uniform,Fixed,3
5,Uniform,Fixed,7
5,Uniform,Fixed,6
5,Uniform,Fixed,4
5,Uniform,Fixed,5
5,Uniform,Fixed,5
5,Uniform,Fixed,7
5,Uniform,Fixed,9
5,Uniform,Fixed,2
5,Uniform,Fixed,3
5,Uniform,Fixed,4
5,Uniform,Fixed,6
5,Uniform,Fixed,7
5,Uniform,Fixed,5
5,Uniform,Fixed,4
5,Uniform,Fixed,7
5,Uniform,Fixed,6
5,Uniform,Fixed,5
5,Uniform,Fixed,3
5,Uniform,Fixed,5
5,Uniform,Fixed,5
5,Uniform,Fixed,7
5,Uniform,Fixed,3
5,Uniform,Fixed,3
5,Uniform,Fixed,5
5,Uniform,Fixed,5
5,Uniform,Fixed,6
5,Uniform,Fixed,5
5,Uniform,Fixed,4
5,Uniform,Fixed,3
5,Uniform,Fixed,5
5,Uniform,Fixed,5
5,Uniform,Fixed,6
5,Uniform,Fixed,5
5,Uniform,Fixed,5
5,Uniform,Fixed,5
5,Uniform,Fixed,6
5,Uniform,Fixed,8
5,Uniform,Fixed,6
5,Uniform,Fixed,8
5,Uniform,Fixed,3
5,Uniform,Fixed,5
5,Uniform,Fixed,5
5,Uniform,Fixed,5
5,Uniform,Fixed,9
5,Uniform,Fixed,7
5,Uniform,Fixed,8
5,Uniform,Fixed,6
5,Uniform,Fixed,5
5,Uniform,Fixed,4
5,Uniform,Fixed,3
5,Uniform,Fixed,5
5,Uniform,Fixed,4
5,Uniform,Fixed,6
5,Uniform,Fixed,5
5,Uniform,Fixed,4
5,Uniform,Fixed,4
5,Uniform,Fixed,4
5,Uniform,Fixed,5
5,Uniform,Fixed,5
5,Uniform,Fixed,5
5,Uniform,Fixed,2
5,Uniform,Fixed,7
5,Uniform,Fixed,2
5,Uniform,Fixed,9
5,Uniform,Fixed,8
5,Uniform,Fixed,6
5,Uniform,Fixed,6
5,Uniform,Fixed,5
5,Uniform,Fixed,5
5,Uniform,Fixed,7
5,Uniform,Fixed,3
5,Uniform,Fixed,6
5,Gaussian,Fixed,5
5,Gaussian,Fixed,7
5,Gaussian,Fixed,4
5,Gaussian,Fixed,9
5,Gaussian,Fixed,6
5,Gaussian,Fixed,6
5,Gaussian,Fixed,9
5,Gaussian,Fixed,6
5,Gaussian,Fixed,3
5,Gaussian,Fixed,7
5,Gaussian,Fixed,7
5,Gaussian,Fixed,4
5,Gaussian,Fixed,7
5,Gaussian,Fixed,6
5,Gaussian,Fixed,7
5,Gaussian,Fixed,4
5,Gaussian,Fixed,7
5,Gaussian,Fixed,10
5,Gaussian,Fixed,7
5,Gaussian,Fixed,8
5,Gaussian,Fixed,5
5,Gaussian,Fixed,10
5,Gaussian,Fixed,8
5,Gaussian,Fixed,7
5,Gaussian,Fixed,6
5,Gaussian,Fixed,4
5,Gaussian,Fixed,6
5,Gaussian,Fixed,7
5,Gaussian,Fixed,7
5,Gaussian,Fixed,8
5,Gaussian,Fixed,6
5,Gaussian,Fixed,5
5,Gaussian,Fixed,3
5,Gaussian,Fixed,9
5,Gaussian,Fixed,7
5,Gaussian,Fixed,6
5,Gaussian,Fixed,3
5,Gaussian,Fixed,9
5,Gaussian,Fixed,6
5,Gaussian,Fixed,7
5,Gaussian,Fixed,11
5,Gaussian,Fixed,9
5,Gaussian,Fixed,7
5,Gaussian,Fixed,4
5,Gaussian,Fixed,7
5,Gaussian,Fixed,5
5,Gaussian,Fixed,7
5,Gaussian,Fixed,7
5,Gaussian,Fixed,7
5,Gaussian,Fixed,3
5,Gaussian,Fixed,6
5,Gaussian,Fixed,5
5,Gaussian,Fixed,5
5,Gaussian,Fixed,6
5,Gaussian,Fixed,7
5,Gaussian,Fixed,5
5,Gaussian,Fixed,5
5,Gaussian,Fixed,9
5,Gaussian,Fixed,7
5,Gaussian,Fixed,7
5,Gaussian,Fixed,5
5,Gaussian,Fixed,5
5,Gaussian,Fixed,7
5,Gaussian,Fixed,6
5,Gaussian,Fixed,6
5,Gaussian,Fixed,8
5,Gaussian,Fixed,10
5,Gaussian,Fixed,3
5,Gaussian,Fixed,7
5,Gaussian,Fixed,7
5,Gaussian,Fixed,5
5,Gaussian,Fixed,9
5,Gaussian,Fixed,7
5,Gaussian,Fixed,8
5,Gaussian,Fixed,8
5,Gaussian,Fixed,9
5,Gaussian,Fixed,8
5,Gaussian,Fixed,5
5,Gaussian,Fixed,7
5,Gaussian,Fixed,6
5,Gaussian,Fixed,8
5,Gaussian,Fixed,7
5,Gaussian,Fixed,2
5,Gaussian,Fixed,4
5,Gaussian,Fixed,8
5,Gaussian,Fixed,5
5,Gaussian,Fixed,5
5,Gaussian,Fixed,9
5,Gaussian,Fixed,4
5,Gaussian,Fixed,7
5,Gaussian,Fixed,2
5,Gaussian,Fixed,9
5,Gaussian,Fixed,8
5,Gaussian,Fixed,6
5,Gaussian,Fixed,6
5,Gaussian,Fixed,5
5,Gaussian,Fixed,9
5,Gaussian,Fixed,9
5,Gaussian,Fixed,5
5,Gaussian,Fixed,4
5,Uniform,Different,4
5,Uniform,Different,3
5,Uniform,Different,3
5,Uniform,Different,5
5,Uniform,Different,2
5,Uniform,Different,5
5,Uniform,Different,4
5,Uniform,Different,5
5,Uniform,Different,4
5,Uniform,Different,5
5,Uniform,Different,7
5,Uniform,Different,9
5,Uniform,Different,6
5,Uniform,Different,5
5,Uniform,Different,2
5,Uniform,Different,4
5,Uniform,Different,6
5,Uniform,Different,5
5,Uniform,Different,4
5,Uniform,Different,4
5,Uniform,Different,3
5,Uniform,Different,7
5,Uniform,Different,5
5,Uniform,Different,4
5,Uniform,Different,4
5,Uniform,Different,1
5,Uniform,Different,5
5,Uniform,Different,4
5,Uniform,Different,8
5,Uniform,Different,6
5,Uniform,Different,4
5,Uniform,Different,3
5,Uniform,Different,6
5,Uniform,Different,8
5,Uniform,Different,6
5,Uniform,Different,1
5,Uniform,Different,8
5,Uniform,Different,4
5,Uniform,Different,8
5,Uniform,Different,6
5,Uniform,Different,5
5,Uniform,Different,6
5,Uniform,Different,6
5,Uniform,Different,8
5,Uniform,Different,6
5,Uniform,Different,6
5,Uniform,Different,6
5,Uniform,Different,7
5,Uniform,Different,6
5,Uniform,Different,5
5,Uniform,Different,1
5,Uniform,Different,5
5,Uniform,Different,8
5,Uniform,Different,10
5,Uniform,Different,9
5,Uniform,Different,5
5,Uniform,Different,6
5,Uniform,Different,2
5,Uniform,Different,6
5,Uniform,Different,4
5,Uniform,Different,6
5,Uniform,Different,7
5,Uniform,Different,6
5,Uniform,Different,9
5,Uniform,Different,5
5,Uniform,Different,5
5,Uniform,Different,3
5,Uniform,Different,6
5,Uniform,Different,7
5,Uniform,Different,7
5,Uniform,Different,4
5,Uniform,Different,4
5,Uniform,Different,6
5,Uniform,Different,3
5,Uniform,Different,9
5,Uniform,Different,6
5,Uniform,Different,6
5,Uniform,Different,8
5,Uniform,Different,7
5,Uniform,Different,5
5,Uniform,Different,6
5,Uniform,Different,4
5,Uniform,Different,4
5,Uniform,Different,9
5,Uniform,Different,7
5,Uniform,Different,4
5,Uniform,Different,4
5,Uniform,Different,9
5,Uniform,Different,2
5,Uniform,Different,7
5,Uniform,Different,5
5,Uniform,Different,5
5,Uniform,Different,4
5,Uniform,Different,11
5,Uniform,Different,5
5,Uniform,Different,6
5,Uniform,Different,5
5,Uniform,Different,4
5,Uniform,Different,8
5,Uniform,Different,4
5,Gaussian,Different,6
5,Gaussian,Different,5
5,Gaussian,Different,11
5,Gaussian,Different,5
5,Gaussian,Different,6
5,Gaussian,Different,9
5,Gaussian,Different,6
5,Gaussian,Different,9
5,Gaussian,Different,6
5,Gaussian,Different,9
5,Gaussian,Different,9
5,Gaussian,Different,11
5,Gaussian,Different,8
5,Gaussian,Different,5
5,Gaussian,Different,8
5,Gaussian,Different,6
5,Gaussian,Different,10
5,Gaussian,Different,7
5,Gaussian,Different,8
5,Gaussian,Different,6
5,Gaussian,Different,9
5,Gaussian,Different,9
5,Gaussian,Different,9
5,Gaussian,Different,4
5,Gaussian,Different,6
5,Gaussian,Different,5
5,Gaussian,Different,9
5,Gaussian,Different,8
5,Gaussian,Different,6
5,Gaussian,Different,12
5,Gaussian,Different,6
5,Gaussian,Different,7
5,Gaussian,Different,7
5,Gaussian,Different,6
5,Gaussian,Different,8
5,Gaussian,Different,5
5,Gaussian,Different,8
5,Gaussian,Different,8
5,Gaussian,Different,8
5,Gaussian,Different,6
5,Gaussian,Different,11
5,Gaussian,Different,6
5,Gaussian,Different,8
5,Gaussian,Different,6
5,Gaussian,Different,8
5,Gaussian,Different,8
5,Gaussian,Different,7
5,Gaussian,Different,9
5,Gaussian,Different,10
5,Gaussian,Different,8
5,Gaussian,Different,1
5,Gaussian,Different,9
5,Gaussian,Different,6
5,Gaussian,Different,10
5,Gaussian,Different,7
5,Gaussian,Different,5
5,Gaussian,Different,8
5,Gaussian,Different,8
5,Gaussian,Different,8
5,Gaussian,Different,10
5,Gaussian,Different,8
5,Gaussian,Different,9
5,Gaussian,Different,8
5,Gaussian,Different,9
5,Gaussian,Different,9
5,Gaussian,Different,5
5,Gaussian,Different,9
5,Gaussian,Different,9
5,Gaussian,Different,9
5,Gaussian,Different,11
5,Gaussian,Different,4
5,Gaussian,Different,10
5,Gaussian,Different,8
5,Gaussian,Different,9
5,Gaussian,Different,11
5,Gaussian,Different,8
5,Gaussian,Different,10
5,Gaussian,Different,6
5,Gaussian,Different,11
5,Gaussian,Different,9
5,Gaussian,Different,8
5,Gaussian,Different,8
5,Gaussian,Different,4
5,Gaussian,Different,9
5,Gaussian,Different,9
5,Gaussian,Different,8
5,Gaussian,Different,6
5,Gaussian,Different,9
5,Gaussian,Different,9
5,Gaussian,Different,7
5,Gaussian,Different,10
5,Gaussian,Different,5
5,Gaussian,Different,8
5,Gaussian,Different,9
5,Gaussian,Different,7
5,Gaussian,Different,6
5,Gaussian,Different,9
5,Gaussian,Different,8
5,Gaussian,Different,10
5,Gaussian,Different,4